vehicle,stamp,x,y,z
defender,1776750382.991797,40.001973937731236,21.963279236108065,6.991973876953125
defender,1776750383.0318093,40.00276736402884,21.961922716349363,6.992218017578125
defender,1776750383.0717611,40.00369201810099,21.96050438657403,6.992645263671875
defender,1776750383.1117306,40.00470202323049,21.95905327051878,6.99322509765625
defender,1776750383.151798,40.00574589520693,21.957604076713324,6.993927001953125
defender,1776750383.1917148,40.007038390263915,21.955861900001764,6.99481201171875
defender,1776750383.231762,40.007887832820415,21.954747460782528,6.99542236328125
defender,1776750383.2730281,40.0089072836563,21.953444998711348,6.996246337890625
defender,1776750383.3117573,40.00992660224438,21.95233568176627,6.99713134765625
defender,1776750383.3517475,40.010959681123495,21.951399136334658,6.99798583984375
defender,1776750383.391726,40.01216266211122,21.95032723993063,6.9989013671875
defender,1776750383.4317594,40.01284855790436,21.949609734117985,6.9993896484375
defender,1776750383.4717004,40.01358513906598,21.948720794171095,6.999847412109375
defender,1776750383.5117805,40.014234001748264,21.94788696616888,7.000152587890625
defender,1776750383.5517995,40.01476043835282,21.94715477153659,7.000244140625
defender,1776750383.592738,40.015180410817266,21.94655065611005,7.000213623046875
defender,1776750383.6317992,40.015564715489745,21.946014806628227,7.000030517578125
defender,1776750383.6717303,40.01587943546474,21.945571437478065,6.999786376953125
defender,1776750383.7125893,40.0160393435508,21.945329047739506,6.999603271484375
defender,1776750383.7518184,40.01625416986644,21.94511179253459,6.999267578125
defender,1776750383.791753,40.016388891264796,21.9450048096478,6.99884033203125
defender,1776750383.8317466,40.016467517241836,21.944998890161514,6.9984130859375
defender,1776750383.871762,40.01656144671142,21.945104774087667,6.99798583984375
defender,1776750383.9119954,40.01675805263221,21.945304982364178,6.997528076171875
defender,1776750383.95249,40.01701617054641,21.94557435438037,6.997039794921875
defender,1776750383.9917254,40.017404014244676,21.945887442678213,6.99652099609375
defender,1776750384.0317638,40.01788918301463,21.94625822454691,6.996002197265625
defender,1776750384.0718772,40.01849875226617,21.946699626743793,6.995574951171875
defender,1776750384.1117897,40.01928826235235,21.94720583036542,6.995147705078125
defender,1776750384.151765,40.020271107554436,21.947744641453028,6.994781494140625
defender,1776750384.191762,40.021399948745966,21.948277063667774,6.994476318359375
defender,1776750384.2317922,40.022624446079135,21.948813151568174,6.9942626953125
defender,1776750384.2717638,40.023992696776986,21.949419893324375,6.994110107421875
defender,1776750384.3123364,40.02549719065428,21.95011182874441,6.99407958984375
defender,1776750384.3517735,40.02709073200822,21.950956717133522,6.994140625
defender,1776750384.3917897,40.02877705357969,21.951996728777885,6.9942626953125
defender,1776750384.4326406,40.030487606301904,21.95321348309517,6.99444580078125
defender,1776750384.471745,40.03218633309007,21.954639069736004,6.994720458984375
defender,1776750384.5117872,40.033753372728825,21.956223540008068,6.99505615234375
defender,1776750384.5523417,40.035150706768036,21.957942627370358,6.995452880859375
defender,1776750384.5917735,40.036414969712496,21.959704365581274,6.995880126953125
defender,1776750384.631772,40.0375593714416,21.96144065633416,6.99627685546875
defender,1776750384.6736712,40.03842890262604,21.962815545499325,6.99652099609375
defender,1776750384.7117836,40.03949159756303,21.964513059705496,6.996795654296875
defender,1776750384.7517362,40.04049536585808,21.966149199754,6.99688720703125
defender,1776750384.7921548,40.041426323354244,21.967697385698557,6.99688720703125
defender,1776750384.8317566,40.04231898114085,21.969210842624307,6.996826171875
defender,1776750384.871844,40.04285241663456,21.970067685469985,6.996734619140625
defender,1776750384.9129694,40.04442612081766,21.97210873477161,6.996368408203125
defender,1776750384.951741,40.04482127353549,21.97255714982748,6.996246337890625
defender,1776750384.991751,40.0459295399487,21.97355413623154,6.9959716796875
defender,1776750385.0317643,40.0471068918705,21.974409841001034,6.99578857421875
defender,1776750385.0717835,40.04839638993144,21.975147852674127,6.995697021484375
defender,1776750385.111763,40.04996791481972,21.97590737976134,6.995697021484375
defender,1776750385.151732,40.05131084471941,21.97652607038617,6.99578857421875
defender,1776750385.191763,40.052403684705496,21.977053126320243,6.99591064453125
defender,1776750385.2317545,40.05382917821407,21.977703956887126,6.996124267578125
defender,1776750385.2717812,40.05533353611827,21.978315057232976,6.99639892578125
defender,1776750385.3117893,40.05715696141124,21.97900475934148,6.99688720703125
defender,1776750385.3517582,40.0583954975009,21.979497650638223,6.997314453125
defender,1776750385.3917608,40.059981402009726,21.98015296086669,6.99786376953125
defender,1776750385.4317555,40.06155927106738,21.98079107515514,6.998382568359375
defender,1776750385.4717283,40.063108913600445,21.981443367898464,6.998931884765625
defender,1776750385.511793,40.06480714678764,21.98231495730579,6.999664306640625
defender,1776750385.5517876,40.065795853734016,21.982820983976126,7.000152587890625
defender,1776750385.591778,40.066867366433144,21.98330907151103,7.000762939453125
defender,1776750385.631727,40.067743480205536,21.983696661889553,7.00140380859375
defender,1776750385.6719236,40.068581722676754,21.984026070684195,7.00201416015625
defender,1776750385.7117627,40.06899303942919,21.984115498140454,7.00238037109375
defender,1776750385.7517996,40.06930377334356,21.984172170981765,7.002777099609375
defender,1776750385.7917795,40.06941033899784,21.98425343260169,7.003082275390625
defender,1776750385.8326998,40.06936822086573,21.984414308331907,7.0032958984375
defender,1776750385.871757,40.069226905703545,21.984537039883435,7.003387451171875
defender,1776750385.9117804,40.06880525499582,21.984710074029863,7.00347900390625
defender,1776750385.9517577,40.068352930247784,21.98478600010276,7.0035400390625
defender,1776750385.9917667,40.067653961479664,21.984880491159856,7.00372314453125
defender,1776750386.0317602,40.06696780771017,21.985052146948874,7.003936767578125
defender,1776750386.0718093,40.066300980746746,21.985227779485285,7.004119873046875
defender,1776750386.111739,40.06562568247318,21.98529995046556,7.004302978515625
defender,1776750386.1517355,40.064878322184086,21.985203525982797,7.004486083984375
defender,1776750386.1917546,40.064025700092316,21.984845012426376,7.004608154296875
defender,1776750386.2316952,40.063141979277134,21.984347488731146,7.004608154296875
defender,1776750386.2717404,40.06213887035847,21.983703043311834,7.00445556640625
defender,1776750386.3117437,40.06102341413498,21.983064146712422,7.004150390625
defender,1776750386.3518035,40.05981468036771,21.982441630214453,7.00372314453125
defender,1776750386.391775,40.058573212474585,21.98178966343403,7.003173828125
defender,1776750386.4317753,40.05732583627105,21.981130274012685,7.002532958984375
defender,1776750386.4723957,40.056058418005705,21.98043737746775,7.00189208984375
defender,1776750386.5117579,40.05482620000839,21.979754680767655,7.001251220703125
defender,1776750386.5517578,40.05359451845288,21.97912665270269,7.000640869140625
defender,1776750386.591756,40.05240369960666,21.9785261079669,7.000091552734375
defender,1776750386.6317227,40.05127338692546,21.97790672816336,6.99957275390625
defender,1776750386.6717694,40.05018224567175,21.97726078517735,6.9991455078125
defender,1776750386.711767,40.04920134320855,21.976608246564865,6.998779296875
defender,1776750386.7517805,40.048310820013285,21.97599333897233,6.998504638671875
defender,1776750386.7917407,40.047457832843065,21.975401539355516,6.998260498046875
defender,1776750386.8317573,40.04665181413293,21.974783459678292,6.998138427734375
defender,1776750386.8717873,40.04588936641812,21.97419660165906,6.998077392578125
defender,1776750386.9117768,40.04558274894953,21.9739775583148,6.998077392578125
defender,1776750386.9517286,40.04477324336767,21.973464284092188,6.99810791015625
defender,1776750386.9919813,40.0439132116735,21.97300892136991,6.998199462890625
defender,1776750387.0317645,40.04295451939106,21.97260613553226,6.99822998046875
defender,1776750387.0725284,40.04190731793642,21.972252110019326,6.99822998046875
defender,1776750387.1117587,40.04070005938411,21.972003968432546,6.9981689453125
defender,1776750387.1517675,40.03941151872277,21.97187071479857,6.998077392578125
defender,1776750387.1924584,40.038065768778324,21.971803592517972,6.997955322265625
defender,1776750387.2317348,40.036365538835526,21.97180951014161,6.99774169921875
defender,1776750387.271814,40.0351984500885,21.971824241802096,6.99755859375
defender,1776750387.3126695,40.03374857082963,21.97176828980446,6.997222900390625
defender,1776750387.3517153,40.032306641340256,21.971629913896322,6.996856689453125
defender,1776750387.3917675,40.030871072784066,21.971477618440986,6.99652099609375
defender,1776750387.4318693,40.029163068160415,21.97127152979374,6.996063232421875
defender,1776750387.4737427,40.02804089896381,21.971104247495532,6.99578857421875
defender,1776750387.5117693,40.026713820174336,21.97086974978447,6.995391845703125
defender,1776750387.551755,40.025461284443736,21.970637168735266,6.994903564453125
defender,1776750387.591768,40.02427137643099,21.97039638645947,6.99432373046875
defender,1776750387.6317613,40.02358009852469,21.970277735963464,6.9940185546875
defender,1776750387.6739762,40.022058786824346,21.97017577663064,6.993255615234375
defender,1776750387.7117612,40.02147297747433,21.970186797901988,6.992950439453125
defender,1776750387.7517138,40.02057765983045,21.97024286724627,6.992431640625
defender,1776750387.7918868,40.01974281668663,21.970378641039133,6.991912841796875
defender,1776750387.8317778,40.01892784424126,21.970559917390347,6.991485595703125
defender,1776750387.871784,40.01812653243542,21.970722937956452,6.991119384765625
defender,1776750387.9118032,40.017288003116846,21.970906127244234,6.990875244140625
defender,1776750387.9517608,40.016425428912044,21.9711578451097,6.99078369140625
defender,1776750387.9917657,40.0154884736985,21.97150165401399,6.990753173828125
defender,1776750388.0322363,40.01451286487281,21.971929451450706,6.99072265625
defender,1776750388.071764,40.013513227924705,21.972400803118944,6.990570068359375
defender,1776750388.111792,40.01248094625771,21.972826899960637,6.9903564453125
defender,1776750388.1521575,40.011459577828646,21.973174525424838,6.990081787109375
defender,1776750388.191761,40.01045072078705,21.97354432195425,6.989837646484375
defender,1776750388.231743,40.00987029355019,21.97379825077951,6.989715576171875
defender,1776750388.2728417,40.00891997665167,21.97426846064627,6.989532470703125
defender,1776750388.311765,40.00815569330007,21.974678492173553,6.98944091796875
defender,1776750388.3517919,40.00718492036685,21.975208323448896,6.989288330078125
defender,1776750388.39208,40.006002127658576,21.97579188272357,6.989105224609375
defender,1776750388.431802,40.00522612547502,21.97612265124917,6.989013671875
defender,1776750388.4717574,40.00432232953608,21.976544369012117,6.98895263671875
defender,1776750388.511746,40.00349958334118,21.976953014731407,6.9888916015625
defender,1776750388.551754,40.0028526771348,21.97730336524546,6.988861083984375
defender,1776750388.5918314,40.00234574591741,21.97756519727409,6.988677978515625
defender,1776750388.6317856,40.002073102863505,21.97762376256287,6.988433837890625
defender,1776750388.6717658,40.00189927604515,21.97760435938835,6.9881591796875
defender,1776750388.7117696,40.00185935769696,21.977533223107457,6.98773193359375
defender,1776750388.7532015,40.00200157868676,21.97743320465088,6.9873046875
defender,1776750388.7917588,40.00217277323827,21.977350482717156,6.987060546875
defender,1776750388.831748,40.00255165249109,21.977206392213702,6.98663330078125
defender,1776750388.8728492,40.003131956094876,21.976990276947618,6.986175537109375
defender,1776750388.911769,40.003420719411224,21.97687773220241,6.985992431640625
defender,1776750388.9517465,40.003631519852206,21.97682862728834,6.98590087890625
defender,1776750388.9918165,40.00373053527437,21.976838059723377,6.985870361328125
defender,1776750389.0317926,40.00384621624835,21.976927565410733,6.985931396484375
defender,1776750389.0717773,40.00386803667061,21.97708728350699,6.986053466796875
defender,1776750389.1117225,40.00382742471993,21.97720942646265,6.9862060546875
defender,1776750389.1516979,40.00370141514577,21.977224664762616,6.9864501953125
defender,1776750389.1917675,40.00346994237043,21.977256126701832,6.9866943359375
defender,1776750389.2317383,40.003154849633574,21.97729766368866,6.986968994140625
defender,1776750389.2717736,40.0027688909322,21.97729404643178,6.9873046875
defender,1776750389.311771,40.002243956550956,21.977151980623603,6.98779296875
defender,1776750389.3516989,40.001630765968,21.97684503160417,6.98834228515625
defender,1776750389.3917542,40.00100110960193,21.9763958491385,6.988983154296875
defender,1776750389.4317892,40.00034558417974,21.975881587713957,6.989715576171875
defender,1776750389.4717588,39.99969004702871,21.975315019488335,6.990447998046875
defender,1776750389.5117593,39.9989803788485,21.97473685629666,6.9912109375
defender,1776750389.551852,39.99821392621379,21.97417720220983,6.99188232421875
defender,1776750389.5917103,39.997417878359556,21.973575526848435,6.992462158203125
defender,1776750389.6317651,39.996605676366016,21.972968708723783,6.99298095703125
defender,1776750389.671762,39.99585529556498,21.972332449629903,6.99359130859375
defender,1776750389.7117562,39.99519274150953,21.97166980803013,6.99420166015625
defender,1776750389.7518153,39.99455626355484,21.97100306674838,6.994720458984375
defender,1776750389.7916963,39.99394443817437,21.97025532461703,6.9952392578125
defender,1776750389.831824,39.99330878164619,21.96938611380756,6.995697021484375
defender,1776750389.871745,39.99261378450319,21.968375574797392,6.996185302734375
defender,1776750389.912554,39.992326634936035,21.967940155416727,6.99639892578125
defender,1776750389.9517295,39.99145905766636,21.966513104736805,6.996917724609375
defender,1776750389.9917617,39.990897602401674,21.965553417801857,6.99725341796875
defender,1776750390.0324311,39.99027319252491,21.96440901234746,6.997650146484375
defender,1776750390.0717835,39.989785658195615,21.963300224393606,6.99798583984375
defender,1776750390.111778,39.98946546111256,21.962175365537405,6.998260498046875
defender,1776750390.151677,39.98933036066592,21.96077923104167,6.998504638671875
defender,1776750390.191756,39.98937951773405,21.959837336093187,6.998687744140625
defender,1776750390.231787,39.98954035528004,21.958648659288883,6.998870849609375
defender,1776750390.2717767,39.98974985815585,21.95753500983119,6.999053955078125
defender,1776750390.313353,39.98993783444166,21.956512175500393,6.999176025390625
defender,1776750390.3517828,39.99007758963853,21.95560197532177,6.999267578125
defender,1776750390.3929803,39.99021850898862,21.95480467379093,6.999359130859375
defender,1776750390.4317677,39.99035102780908,21.954127449542284,6.99945068359375
defender,1776750390.4717634,39.99041172582656,21.953767865896225,6.99951171875
defender,1776750390.5128736,39.99050924461335,21.953236415982246,6.99969482421875
defender,1776750390.5517642,39.99063469655812,21.95261598005891,7.0
defender,1776750390.59178,39.99078496079892,21.95234629139304,7.00030517578125
defender,1776750390.6317225,39.99089795537293,21.952252242714167,7.000518798828125
defender,1776750390.6718445,39.991094139404595,21.95221545919776,7.001068115234375
defender,1776750390.7117739,39.99111245479435,21.952248208224773,7.001373291015625
defender,1776750390.7517495,39.991048596799374,21.9523498788476,7.001922607421875
defender,1776750390.7921417,39.99092484731227,21.95257966965437,7.00244140625
defender,1776750390.8317919,39.99076296295971,21.952943582087755,7.003021240234375
defender,1776750391.1517825,39.989075092598796,21.955983828753233,7.006622314453125
defender,1776750391.1917946,39.988567754626274,21.95632892847061,7.006805419921875
defender,1776750391.2317705,39.987958358600736,21.956596083939075,7.006988525390625
defender,1776750391.2717588,39.987332441844046,21.95683326944709,7.0072021484375
defender,1776750391.3122947,39.986795622855425,21.95699769631028,7.0074462890625
defender,1776750391.351747,39.986333252862096,21.9570901542902,7.0076904296875
defender,1776750391.3917577,39.98594170063734,21.957192823290825,7.007904052734375
defender,1776750391.432598,39.98563696537167,21.957285210490227,7.0081787109375
defender,1776750391.471769,39.985394693911076,21.95738658308983,7.008544921875
defender,1776750391.5117807,39.98523067124188,21.957508232444525,7.009002685546875
defender,1776750391.552308,39.98512603249401,21.95770649239421,7.00946044921875
defender,1776750391.591713,39.98508739937097,21.957972045987844,7.00994873046875
defender,1776750391.6318107,39.98512691631913,21.958301652222872,7.010467529296875
defender,1776750391.6724453,39.985219719819725,21.958689860999584,7.011077880859375
defender,1776750391.711714,39.98533631302416,21.95909247919917,7.011688232421875
defender,1776750391.7517543,39.985498019494116,21.959498919546604,7.0123291015625
defender,1776750391.7924988,39.98560794722289,21.959648992866278,7.012542724609375
defender,1776750391.831728,39.98615143354982,21.96016337350011,7.01336669921875
defender,1776750391.8717303,39.986561639234424,21.960447184741497,7.0137939453125
defender,1776750391.9117787,39.98700904101133,21.96075091138482,7.014190673828125
defender,1776750391.9517598,39.98721047025174,21.96087410673499,7.01434326171875
defender,1776750391.991778,39.987756942398846,21.961198702454567,7.0147705078125
defender,1776750392.0316873,39.988325264304876,21.961604956537485,7.01519775390625
defender,1776750392.0717647,39.988910276442766,21.962181214243174,7.015777587890625
defender,1776750392.1117942,39.989209523424506,21.962658252567053,7.016204833984375
defender,1776750392.1517582,39.98954490944743,21.963370516896248,7.01666259765625
defender,1776750392.1917686,39.98987315315753,21.964179128408432,7.01708984375
defender,1776750392.2325737,39.99020792916417,21.965088199824095,7.0174560546875
defender,1776750392.2717614,39.99066995829344,21.96627201139927,7.01776123046875
defender,1776750392.311829,39.99113342445344,21.967326022684574,7.01788330078125
defender,1776750392.352471,39.9915678948164,21.96816909685731,7.01788330078125
defender,1776750392.391737,39.99217788781971,21.96921650506556,7.01776123046875
defender,1776750392.4317849,39.99286184320226,21.97044936940074,7.017578125
defender,1776750392.4717717,39.993227808736265,21.97122805006802,7.017364501953125
defender,1776750392.5117104,39.99369886191562,21.972251936793327,7.017059326171875
defender,1776750392.551753,39.99418753199279,21.97330578789115,7.016815185546875
defender,1776750392.5917778,39.99473545700312,21.974308863282204,7.016632080078125
defender,1776750392.6317697,39.995483555831015,21.975351294502616,7.0166015625
defender,1776750392.6717613,39.99605969619006,21.975938461720943,7.016632080078125
defender,1776750392.712086,39.99682288989425,21.976618375629187,7.01666259765625
defender,1776750392.7517684,39.99762266385369,21.97725928016007,7.01666259765625
defender,1776750392.7917361,39.99839447333943,21.97788231447339,7.016632080078125
defender,1776750392.8345234,39.99922123627039,21.978660997003317,7.016510009765625
defender,1776750392.8717687,39.999726094538346,21.97914121299982,7.01641845703125
defender,1776750392.9117835,40.00028447122895,21.979670567438006,7.016265869140625
defender,1776750392.9516938,40.00071477732854,21.98010378703475,7.016143798828125
defender,1776750392.991779,40.00106164277531,21.980453431606293,7.01611328125
defender,1776750393.0318384,40.00133448489942,21.980730183422565,7.016143798828125
defender,1776750393.072754,40.00152647309005,21.98088219203055,7.01629638671875
defender,1776750393.1117892,40.0016761344159,21.980917969718575,7.016510009765625
defender,1776750393.1517775,40.0018087180797,21.980869254097342,7.0167236328125
defender,1776750393.1921782,40.00185624870937,21.980816960334778,7.016815185546875
defender,1776750393.2317774,40.00198696553707,21.980480335652828,7.017242431640625
defender,1776750393.2717283,40.00202271784656,21.980257419869304,7.017547607421875
defender,1776750393.3118322,40.00211565801874,21.980025246739388,7.017913818359375
defender,1776750393.35176,40.00223176507279,21.979834593832493,7.018310546875
defender,1776750393.3917632,40.00228157732636,21.979784736409783,7.018463134765625
defender,1776750393.4317443,40.0025011242833,21.97976034320891,7.0191650390625
defender,1776750393.4716911,40.00257120956667,21.979787826538086,7.01934814453125
defender,1776750393.5117834,40.00272707641125,21.97993445582688,7.020111083984375
defender,1776750393.552268,40.00274767144583,21.979962477460504,7.020294189453125
defender,1776750393.5917516,40.00275196135044,21.980034604668617,7.020751953125
defender,1776750393.6318107,40.002733611734584,21.980089718475938,7.02130126953125
defender,1776750393.6718159,40.00265560741536,21.98009447194636,7.02191162109375
defender,1776750393.7117903,40.00254974793643,21.979983750730753,7.0224609375
defender,1776750393.7517767,40.00246430141851,21.979703828692436,7.02294921875
defender,1776750393.7926157,40.00235895696096,21.97938892059028,7.023406982421875
defender,1776750393.8317623,40.002172126667574,21.97892969660461,7.02392578125
defender,1776750393.871726,40.002032751915976,21.97848565131426,7.0242919921875
defender,1776750393.912887,40.001938073546626,21.978086851537228,7.0245361328125
defender,1776750393.9517899,40.00174141966272,21.97759702242911,7.0247802734375
defender,1776750393.991719,40.0015010231873,21.977136075496674,7.02496337890625
defender,1776750394.0335288,40.00118326523807,21.976681476458907,7.02508544921875
defender,1776750394.0717537,40.00075140193803,21.97617425210774,7.02508544921875
defender,1776750394.1118073,40.00042749286513,21.975832879543304,7.024993896484375
defender,1776750394.1517496,39.99996696369635,21.975431460887194,7.02490234375
defender,1776750394.1917653,39.99950858647935,21.975077480077744,7.0247802734375
defender,1776750394.2317758,39.99904822796816,21.97472845390439,7.024688720703125
defender,1776750394.2717714,39.998540417291224,21.974370554089546,7.02459716796875
defender,1776750394.311731,39.99820800952148,21.974217679351568,7.024505615234375
defender,1776750394.3517785,39.99786031153053,21.974120434373617,7.024322509765625
defender,1776750394.3928351,39.99767475319095,21.974088544026017,7.02423095703125
defender,1776750394.4317415,39.99748436594382,21.974166851490736,7.0240478515625
defender,1776750394.4717834,39.997427348513156,21.974376237019897,7.023834228515625
defender,1776750394.5117855,39.99744939338416,21.97467701509595,7.0235595703125
defender,1776750394.5516944,39.997578530339524,21.97506368905306,7.023193359375
defender,1776750394.5917485,39.997772524366155,21.97552914917469,7.02276611328125
defender,1776750394.631899,39.99801560444757,21.976106802001595,7.0223388671875
defender,1776750394.67177,39.99835945060477,21.976750260218978,7.02191162109375
defender,1776750394.7117958,39.9987571319798,21.977423069998622,7.021484375
defender,1776750394.751772,39.99924768082565,21.978092201054096,7.021087646484375
defender,1776750394.79181,39.99981622796622,21.978729024529457,7.02081298828125
defender,1776750394.8320725,40.000464141368866,21.979285191744566,7.020599365234375
defender,1776750394.871778,40.00116658071056,21.97975872643292,7.020355224609375
defender,1776750394.9117613,40.001951803220436,21.980146419256926,7.02008056640625
defender,1776750394.9521556,40.00274400995113,21.98043428733945,7.019805908203125
defender,1776750394.9917655,40.00347897759639,21.98060972429812,7.01947021484375
defender,1776750395.0317845,40.00422143470496,21.980730080977082,7.019134521484375
defender,1776750395.0718076,40.00498115597293,21.98088951036334,7.018768310546875
defender,1776750395.1117291,40.00577817810699,21.981068402528763,7.0184326171875
defender,1776750395.1517682,40.006611331366,21.98123262822628,7.01806640625
defender,1776750395.1917737,40.00747452490032,21.981413321569562,7.017730712890625
defender,1776750395.231766,40.00832011271268,21.981648424640298,7.01739501953125
defender,1776750395.2716992,40.00910954270512,21.981963319703937,7.01702880859375
defender,1776750395.3117635,40.009402454830706,21.982123279944062,7.016845703125
defender,1776750395.3517356,40.01009040791541,21.982563938945532,7.01641845703125
defender,1776750395.3916678,40.011064825579524,21.983185932040215,7.0157470703125
defender,1776750395.431769,40.01142102200538,21.98335736989975,7.0155029296875
defender,1776750395.4717822,40.01191036961973,21.983466245234013,7.01513671875
defender,1776750395.5118186,40.012654597871006,21.98352423682809,7.01470947265625
defender,1776750395.5523252,40.013166876509786,21.98351347260177,7.01446533203125
defender,1776750395.5917614,40.01382348686457,21.98349960334599,7.014190673828125
defender,1776750395.631799,40.01456834375858,21.98350900784135,7.01397705078125
defender,1776750395.671763,40.015049825422466,21.98349699564278,7.01385498046875
defender,1776750396.2537043,40.01562402024865,21.98343806155026,7.013824462890625
defender,1776750396.292282,40.016190787777305,21.983343854546547,7.01385498046875
defender,1776750396.331791,40.01682346500456,21.98307826370001,7.01409912109375
defender,1776750396.3717413,40.01723490096629,21.982801696285605,7.014373779296875
defender,1776750396.9717965,40.017518658190966,21.982581162825227,7.0146484375
defender,1776750397.0117645,40.017895786091685,21.982193598523736,7.01519775390625
defender,1776750397.051718,40.01810905337334,21.981748949736357,7.015899658203125
defender,1776750397.0926523,40.01817784644663,21.981308249756694,7.016693115234375
defender,1776750397.1317163,40.0181027688086,21.98082708194852,7.01751708984375
defender,1776750397.1717281,40.01795266568661,21.980344586074352,7.018341064453125
defender,1776750397.211711,40.01778852939606,21.979954494163394,7.01904296875
defender,1776750397.2517421,40.01766051352024,21.979694116860628,7.019683837890625
defender,1776750397.2917361,40.01754727214575,21.97955696284771,7.02020263671875
defender,1776750397.333293,40.01747708581388,21.97949398495257,7.020660400390625
defender,1776750397.3718421,40.017504427582026,21.979482050985098,7.02105712890625
defender,1776750397.4117172,40.017643267288804,21.97959152236581,7.021392822265625
defender,1776750397.4525816,40.017872620373964,21.979843344539404,7.021697998046875
defender,1776750397.4917521,40.018183778971434,21.980193495750427,7.022003173828125
defender,1776750397.5317583,40.01853498071432,21.98057521134615,7.0223388671875
defender,1776750397.5717888,40.01866169646382,21.98072756640613,7.0224609375
defender,1776750397.6124926,40.01893091201782,21.98109786771238,7.02276611328125
defender,1776750397.651717,40.01907875947654,21.98148095048964,7.023040771484375
defender,1776750397.6917183,40.019084345549345,21.981988022103906,7.02337646484375
defender,1776750397.732239,40.018999768421054,21.98229045420885,7.023590087890625
defender,1776750397.7717237,40.01882738620043,21.982565332204103,7.02392578125
defender,1776750397.8117368,40.01861894316971,21.982629468664527,7.0242919921875
defender,1776750397.8519325,40.018417332321405,21.982443258166313,7.024688720703125
defender,1776750397.8917198,40.01814248599112,21.981968076899648,7.025115966796875
defender,1776750397.9317389,40.01789651066065,21.98148542828858,7.025482177734375
defender,1776750397.9717681,40.01759477518499,21.98075774870813,7.0260009765625
defender,1776750398.011766,40.01723700389266,21.97979469411075,7.0267333984375
defender,1776750398.0517275,40.01691926270723,21.97913545742631,7.0272216796875
defender,1776750398.0917468,40.01633455604315,21.978110818192363,7.027984619140625
defender,1776750398.1317132,40.015780966728926,21.977229703217745,7.028594970703125
defender,1776750398.172526,40.01528664492071,21.97648549824953,7.029052734375
defender,1776750398.2117975,40.01464432105422,21.975468929857016,7.029541015625
defender,1776750398.2517443,40.01387039851397,21.97410023957491,7.02996826171875
defender,1776750398.2918236,40.01338661275804,21.973059311509132,7.0301513671875
defender,1776750398.3317435,40.0128370616585,21.97168188355863,7.0302734375
defender,1776750398.3717363,40.01237110327929,21.97023271024227,7.030487060546875
defender,1776750398.412516,40.01199583243579,21.968748074024916,7.030731201171875
defender,1776750398.4517238,40.01182086020708,21.967838175594807,7.0308837890625
defender,1776750398.4917376,40.01148206461221,21.96571070700884,7.0313720703125
defender,1776750398.5328588,40.01132392976433,21.964803885668516,7.031646728515625
defender,1776750398.571706,40.01104297954589,21.963353980332613,7.0321044921875
defender,1776750398.611747,40.010707267560065,21.961987122893333,7.032501220703125
defender,1776750398.6517744,40.01039133220911,21.960678104311228,7.032958984375
defender,1776750398.6917317,40.01011602487415,21.95945854485035,7.033416748046875
defender,1776750398.7317173,40.00978055410087,21.958374049514532,7.034027099609375
defender,1776750398.7747695,40.00939942616969,21.95739386230707,7.0347900390625
defender,1776750398.8117187,40.009019527584314,21.956724230200052,7.035614013671875
defender,1776750398.8517241,40.00872644223273,21.956134233623743,7.036529541015625
defender,1776750398.8918521,40.00860624760389,21.955566473305225,7.03741455078125
defender,1776750398.9317257,40.00855434499681,21.95504793524742,7.038330078125
defender,1776750398.9732141,40.00845052022487,21.954586371779442,7.039276123046875
defender,1776750399.0122957,40.00814172066748,21.954250290989876,7.040191650390625
defender,1776750399.051746,40.007342523895204,21.954043343663216,7.04119873046875
defender,1776750399.0917225,40.005809858907014,21.95402006804943,7.0423583984375
defender,1776750399.1349678,40.003229124471545,21.95421079546213,7.043487548828125
defender,1776750399.171728,39.999410127988085,21.954628255218267,7.04498291015625
defender,1776750399.2117777,39.99423734471202,21.95550836250186,7.046844482421875
defender,1776750399.2526004,39.98742620181292,21.956794634461403,7.048828125
defender,1776750399.2917452,39.9786682408303,21.958327688276768,7.05133056640625
defender,1776750399.3323607,39.96756859123707,21.95991562306881,7.05450439453125
defender,1776750399.3718014,39.95379075780511,21.961370714008808,7.05828857421875
defender,1776750399.4117186,39.93708876520395,21.962298944592476,7.06243896484375
defender,1776750399.4528418,39.91670522838831,21.962475530803204,7.06683349609375
defender,1776750399.4917638,39.892028361558914,21.961552318185568,7.07177734375
defender,1776750399.5317192,39.86245435476303,21.958766598254442,7.077667236328125
defender,1776750399.5734088,39.82737763226032,21.95331884175539,7.0849609375
defender,1776750399.61178,39.78675249218941,21.944235790520906,7.094146728515625
defender,1776750399.6517406,39.74069321155548,21.930927105247974,7.10565185546875
defender,1776750399.6917634,39.72074908018112,21.924121029675007,7.11102294921875
defender,1776750399.731773,39.632989555597305,21.888953059911728,7.1373291015625
defender,1776750399.771749,39.57212847471237,21.859057784080505,7.15826416015625
defender,1776750399.8117445,39.53363248705864,21.83805939555168,7.172576904296875
defender,1776750399.8517637,39.43847930431366,21.77800938487053,7.211822509765625
defender,1776750399.8917189,39.41010743379593,21.75798238813877,7.224700927734375
defender,1776750399.931729,39.33716303110123,21.70161074399948,7.261322021484375
defender,1776750399.97175,39.26176172494888,21.6357242166996,7.305999755859375
defender,1776750400.011751,39.16903239488602,21.54374924302101,7.371490478515625
defender,1776750400.0517414,39.091006338596344,21.456762433052063,7.434906005859375
defender,1776750400.0917163,39.02871835231781,21.38112783432007,7.4901123046875
defender,1776750400.1317327,38.95153498649597,21.279705464839935,7.563446044921875
defender,1776750400.17288,38.875566601753235,21.171710312366486,7.639892578125
defender,1776750400.2117271,38.80099618434906,21.058133006095886,7.718505859375
defender,1776750400.2517204,38.72762739658356,20.939751148223877,7.799102783203125
defender,1776750400.2946608,38.655320167541504,20.817410111427307,7.88140869140625
defender,1776750400.3317509,38.58368122577667,20.691800117492676,7.96539306640625
defender,1776750400.3717139,38.49787950515747,20.537596344947815,8.068206787109375
defender,1776750400.4127285,38.44022619724274,20.433090567588806,8.137939453125
defender,1776750400.4519105,38.36706280708313,20.301039457321167,8.226287841796875
defender,1776750400.4917414,38.29213547706604,20.167887687683105,8.315704345703125
defender,1776750400.5320532,38.21492290496826,20.033852338790894,8.4061279296875
defender,1776750400.5722964,38.167365193367004,19.953145503997803,8.4608154296875
defender,1776750400.6117613,38.052265882492065,19.7645583152771,8.5897216796875
defender,1776750400.6517673,37.96587157249451,19.630000352859497,8.683502197265625
defender,1776750400.6918273,37.87571454048157,19.495471000671387,8.7796630859375
defender,1776750400.731743,37.819660663604736,19.414763927459717,8.8389892578125
defender,1776750400.7721765,37.7226927280426,19.280318021774292,8.941131591796875
defender,1776750400.8116963,37.62131357192993,19.146084547042847,9.047027587890625
defender,1776750400.8517148,37.51587986946106,19.012186527252197,9.155609130859375
defender,1776750401.1517513,36.609535455703735,18.01101040840149,10.017578125
defender,1776750401.1917405,36.506155490875244,17.906743049621582,10.10894775390625
defender,1776750401.232302,36.37529969215393,17.77657413482666,10.223114013671875
defender,1776750401.2717574,36.24271488189697,17.646533489227295,10.337310791015625
defender,1776750401.3117397,36.108519554138184,17.516545295715332,10.45147705078125
defender,1776750401.351724,36.027281761169434,17.438573837280273,10.519989013671875
defender,1776750401.3917165,35.89083003997803,17.308510303497314,10.634124755859375
defender,1776750401.431779,35.69780874252319,17.126405239105225,10.793914794921875
defender,1776750401.4727566,35.614450454711914,17.04828977584839,10.862396240234375
defender,1776750401.511717,35.474751472473145,16.91800355911255,10.976318359375
defender,1776750401.5517664,35.33425998687744,16.78741693496704,11.08929443359375
defender,1776750401.5917742,35.193217754364014,16.656455516815186,11.2005615234375
defender,1776750401.6317456,35.051762104034424,16.525150299072266,11.309417724609375
defender,1776750401.6717145,34.910048961639404,16.393537044525146,11.415313720703125
defender,1776750401.711778,34.76828718185425,16.261677265167236,11.517608642578125
defender,1776750401.7517197,34.62652111053467,16.129409313201904,11.615936279296875
defender,1776750401.791717,34.48486948013306,15.99665641784668,11.710052490234375
defender,1776750401.8340805,34.34328269958496,15.86325216293335,11.799652099609375
defender,1776750401.8717167,34.2017822265625,15.72929859161377,11.884246826171875
defender,1776750401.9117193,34.06024503707886,15.594793319702148,11.964019775390625
defender,1776750401.9529028,33.91872787475586,15.459744453430176,12.038818359375
defender,1776750401.991743,33.77727127075195,15.324153900146484,12.108642578125
defender,1776750402.0317125,33.63590145111084,15.188006401062012,12.173370361328125
defender,1776750402.0717695,33.49467897415161,15.051340103149414,12.23291015625
defender,1776750402.1117263,33.353500843048096,14.914179801940918,12.28741455078125
defender,1776750402.1517398,33.21225357055664,14.77652645111084,12.33685302734375
defender,1776750402.1933181,33.07088899612427,14.638433456420898,12.381378173828125
defender,1776750402.2317142,32.929458141326904,14.499929904937744,12.42095947265625
defender,1776750402.271735,32.788026332855225,14.36107349395752,12.455322265625
defender,1776750402.3129103,32.64661455154419,14.221775531768799,12.484619140625
defender,1776750402.3517196,32.59001302719116,14.165911674499512,12.495025634765625
defender,1776750402.3917353,32.44853973388672,14.025774002075195,12.517181396484375
defender,1776750402.4317315,32.30698299407959,13.885135650634766,12.53436279296875
defender,1776750402.4727077,32.16531276702881,13.744100570678711,12.5467529296875
defender,1776750402.511746,31.99513816833496,13.574332237243652,12.556610107421875
defender,1776750402.551738,31.88142204284668,13.461018562316895,12.562225341796875
defender,1776750402.5917602,31.73885726928711,13.320292472839355,12.567901611328125
defender,1776750402.6317222,31.595870971679688,13.181792259216309,12.571258544921875
defender,1776750402.6717312,31.45247745513916,13.046817779541016,12.571441650390625
defender,1776750402.7117438,31.279885292053223,12.890911102294922,12.566162109375
defender,1776750402.7517767,31.164612770080566,12.791387557983398,12.558685302734375
defender,1776750402.7917287,31.020344734191895,12.672661781311035,12.544189453125
defender,1776750402.8317695,30.875861167907715,12.560479164123535,12.524017333984375
defender,1776750402.871776,30.731168746948242,12.45506477355957,12.498046875
defender,1776750402.9117243,30.586249351501465,12.356605529785156,12.466278076171875
defender,1776750402.951761,30.44106960296631,12.265393257141113,12.428436279296875
defender,1776750402.9918,30.295525550842285,12.18050479888916,12.384674072265625
defender,1776750403.0338173,30.14970588684082,12.10168743133545,12.33453369140625
defender,1776750403.0717406,30.062082290649414,12.057092666625977,12.301422119140625
defender,1776750403.111743,29.915820121765137,11.98715591430664,12.241546630859375
defender,1776750403.1519933,29.71041774749756,11.897408485412598,12.149749755859375
defender,1776750403.1917615,29.563213348388672,11.838445663452148,12.080352783203125
defender,1776750403.2318258,29.41541290283203,11.782822608947754,12.00958251953125
defender,1776750403.2717931,29.32639789581299,11.750551223754883,11.967071533203125
defender,1776750403.3118935,29.117820739746094,11.67702865600586,11.869049072265625
defender,1776750403.3517504,29.028087615966797,11.64558219909668,11.827850341796875
defender,1776750403.3917766,28.817983627319336,11.56990909576416,11.734466552734375
defender,1776750403.4317362,28.727676391601562,11.535865783691406,11.695465087890625
defender,1776750403.4721594,28.576852798461914,11.475975036621094,11.631591796875
defender,1776750403.5117145,28.42569637298584,11.411450386047363,11.568603515625
defender,1776750403.5517352,28.27430820465088,11.341904640197754,11.506103515625
defender,1776750403.5917466,28.12275791168213,11.26660442352295,11.443603515625
defender,1776750403.6317375,27.971102714538574,11.184931755065918,11.380889892578125
defender,1776750403.6717138,27.819278717041016,11.09704875946045,11.317779541015625
defender,1776750403.7117836,27.667275428771973,11.002981185913086,11.2542724609375
defender,1776750403.7517576,27.515124320983887,10.902843475341797,11.190399169921875
defender,1776750403.791717,27.362788200378418,10.796858787536621,11.126190185546875
defender,1776750403.8317506,27.210336685180664,10.685416221618652,11.061767578125
defender,1776750403.8717458,27.057778358459473,10.568839073181152,10.99725341796875
defender,1776750403.9117374,26.905073165893555,10.44743537902832,10.932647705078125
defender,1776750403.9517715,26.752206802368164,10.321555137634277,10.868011474609375
defender,1776750403.9917657,26.599132537841797,10.191324234008789,10.803436279296875
defender,1776750404.0317113,26.537811279296875,10.13818645477295,10.777618408203125
defender,1776750404.0722547,26.35349750518799,9.9755220413208,10.70025634765625
defender,1776750404.111732,26.230359077453613,9.864522933959961,10.648712158203125
defender,1776750404.1517174,26.045260429382324,9.694547653198242,10.571624755859375
defender,1776750404.1917174,25.921555519104004,9.57927417755127,10.5203857421875
defender,1776750404.2317257,25.766624450683594,9.43321418762207,10.45648193359375
defender,1776750404.271781,25.611315727233887,9.285259246826172,10.392730712890625
defender,1776750404.3117144,25.45553493499756,9.13551139831543,10.329010009765625
defender,1776750404.351719,25.299372673034668,8.984367370605469,10.265411376953125
defender,1776750404.3917313,25.142871856689453,8.832011222839355,10.201873779296875
defender,1776750404.4317646,24.95455265045166,8.647880554199219,10.12579345703125
defender,1776750404.471766,24.82868480682373,8.524374008178711,10.07513427734375
defender,1776750404.5117157,24.671027183532715,8.369280815124512,10.011932373046875
defender,1776750404.5518496,24.513107299804688,8.213491439819336,9.948883056640625
defender,1776750404.5918765,24.35500717163086,8.05710220336914,9.885894775390625
defender,1776750404.6317413,24.165149688720703,7.86899471282959,9.810333251953125
defender,1776750404.67175,24.03853130340576,7.743349075317383,9.75994873046875
defender,1776750404.7121859,23.880159378051758,7.586221694946289,9.69696044921875
defender,1776750404.751716,23.721601486206055,7.429279327392578,9.633880615234375
defender,1776750404.7917075,23.562803268432617,7.272761344909668,9.570709228515625
defender,1776750404.8331091,23.467388153076172,7.179120063781738,9.53277587890625
defender,1776750404.8717217,23.30820083618164,7.02366828918457,9.469482421875
defender,1776750404.9140034,23.148914337158203,6.869230270385742,9.40618896484375
defender,1776750404.951734,22.98953628540039,6.716117858886719,9.3428955078125
defender,1776750404.991704,22.830062866210938,6.56452751159668,9.27960205078125
defender,1776750405.0317197,22.670499801635742,6.41457462310791,9.216339111328125
defender,1776750405.071921,22.510833740234375,6.266462326049805,9.153076171875
defender,1776750405.1118042,22.35103416442871,6.120366096496582,9.089813232421875
defender,1776750405.1517186,22.191038131713867,5.97642707824707,9.0267333984375
defender,1776750405.1917262,22.030885696411133,5.834745407104492,8.963775634765625
defender,1776750405.2317297,21.870458602905273,5.695310592651367,8.9010009765625
defender,1776750405.2718103,21.70952796936035,5.558259963989258,8.8392333984375
defender,1776750405.3117714,21.644943237304688,5.504184722900391,8.815155029296875
defender,1776750405.3517327,21.482769012451172,5.370990753173828,8.7568359375
defender,1776750405.3917427,21.31924057006836,5.240802764892578,8.70208740234375
defender,1776750405.4317126,21.12066078186035,5.088750839233398,8.641998291015625
defender,1776750405.4717205,20.98659896850586,4.990047454833984,8.605682373046875
defender,1776750405.51176,20.816789627075195,4.869773864746094,8.564971923828125
defender,1776750405.551741,20.644180297851562,4.752809524536133,8.529632568359375
defender,1776750405.5917156,20.468477249145508,4.639125823974609,8.499847412109375
defender,1776750405.6317716,20.289443969726562,4.528741836547852,8.475616455078125
defender,1776750405.6717272,20.106815338134766,4.421772003173828,8.45684814453125
defender,1776750405.7117395,19.920726776123047,4.318090438842773,8.442901611328125
defender,1776750405.7516954,19.73133087158203,4.2180633544921875,8.435333251953125
defender,1776750405.7918985,19.501771926879883,4.103639602661133,8.439300537109375
defender,1776750405.8317664,19.349369049072266,4.031135559082031,8.45062255859375
defender,1776750405.871726,19.162612915039062,3.9449386596679688,8.47442626953125
defender,1776750405.9120183,18.98284912109375,3.86346435546875,8.50701904296875
defender,1776750405.9518173,18.81236457824707,3.786466598510742,8.54608154296875
defender,1776750405.9917367,18.71503448486328,3.742277145385742,8.57159423828125
defender,1776750406.0325973,18.504621505737305,3.6455211639404297,8.635498046875
defender,1776750406.0717175,18.42192268371582,3.606781005859375,8.66351318359375
defender,1776750406.1117563,18.292631149291992,3.5455055236816406,8.7091064453125
defender,1776750406.1520042,18.174575805664062,3.4888668060302734,8.75390625
defender,1776750406.1917665,18.066326141357422,3.4373779296875,8.79931640625
defender,1776750406.2317786,17.966257095336914,3.3916091918945312,8.847137451171875
defender,1776750406.2717671,17.87192153930664,3.3519554138183594,8.899658203125
defender,1776750406.3117173,17.781021118164062,3.3188648223876953,8.95849609375
defender,1776750406.3517158,17.690595626831055,3.2926254272460938,9.02459716796875
defender,1776750406.393774,17.597564697265625,3.272684097290039,9.097686767578125
defender,1776750406.431698,17.4993953704834,3.2584476470947266,9.176605224609375
defender,1776750406.471759,17.458158493041992,3.254220962524414,9.2095947265625
attacker,1776750382.6918383,3.0099920202046633,3.016053419560194,4.0078125
attacker,1776750382.7317588,3.0101097859442234,3.016215395182371,4.007568359375
attacker,1776750382.7717876,3.0103158559650183,3.0163041837513447,4.007232666015625
attacker,1776750382.8117642,3.010491802357137,3.0163688752800226,4.006866455078125
attacker,1776750382.85188,3.0107803978025913,3.016416296362877,4.00628662109375
attacker,1776750382.8917735,3.0112388376146555,3.0163884051144123,4.00555419921875
attacker,1776750382.9316945,3.0116531178355217,3.016334930434823,4.0050048828125
attacker,1776750382.971734,3.01238127425313,3.0162546411156654,4.0042724609375
attacker,1776750383.0117903,3.01287829130888,3.016253409907222,4.00384521484375
attacker,1776750383.0517857,3.0134978517889977,3.0162822902202606,4.003387451171875
attacker,1776750383.0917478,3.0141133051365614,3.0164061579853296,4.002899169921875
attacker,1776750383.1324568,3.0145528027787805,3.0165211092680693,4.00244140625
attacker,1776750383.1717677,3.014968986622989,3.0166123043745756,4.001861572265625
attacker,1776750383.2118065,3.0152343939989805,3.0166906360536814,4.001373291015625
attacker,1776750383.2524025,3.015560185536742,3.016879415139556,4.000579833984375
attacker,1776750383.291772,3.0157009791582823,3.0170543640851974,4.0001220703125
attacker,1776750383.3317118,3.0158282071352005,3.0173990223556757,3.999603271484375
attacker,1776750383.3749304,3.015858583152294,3.0177159793674946,3.999359130859375
attacker,1776750383.4117186,3.015845423564315,3.0181851387023926,3.9991455078125
attacker,1776750383.4517143,3.015797248110175,3.0184911023825407,3.998992919921875
attacker,1776750383.4937847,3.015565501525998,3.0191436745226383,3.99884033203125
attacker,1776750383.531779,3.0151807982474566,3.0198560878634453,3.998687744140625
attacker,1776750383.5717204,3.0146743869408965,3.0205499213188887,3.99859619140625
attacker,1776750383.6117628,3.014114978723228,3.0212264340370893,3.9986572265625
attacker,1776750383.6517813,3.0135063752532005,3.021979184821248,3.998809814453125
attacker,1776750383.6917787,3.0128139285370708,3.02277372777462,3.99908447265625
attacker,1776750383.7317712,3.0120151257142425,3.0236017126590014,3.99945068359375
attacker,1776750383.7717857,3.0111784702166915,3.024409480392933,3.999969482421875
attacker,1776750383.8118248,3.010304776020348,3.025212001055479,4.000579833984375
attacker,1776750383.8517566,3.0093745728954673,3.026015819981694,4.00128173828125
attacker,1776750383.8917673,3.0084617100656033,3.026853907853365,4.002044677734375
attacker,1776750383.9329288,3.007617235649377,3.0277511347085238,4.002838134765625
attacker,1776750383.9717019,3.0068252636119723,3.0286593474447727,4.003662109375
attacker,1776750384.0117204,3.006137056276202,3.0295336581766605,4.004486083984375
attacker,1776750384.0518088,3.0055812001228333,3.030456369742751,4.005340576171875
attacker,1776750384.0917478,3.0051518506370485,3.0313418060541153,4.00616455078125
attacker,1776750384.1317816,3.004866427741945,3.0321582444012165,4.00689697265625
attacker,1776750384.1755712,3.004708636086434,3.032941147685051,4.007568359375
attacker,1776750384.2117655,3.004618245176971,3.033697474747896,4.00811767578125
attacker,1776750384.2518327,3.004641480743885,3.0343662910163403,4.008514404296875
attacker,1776750384.2921314,3.004746946040541,3.0348726846277714,4.00872802734375
attacker,1776750384.3317635,3.0049285385757685,3.0351627208292484,4.0087890625
attacker,1776750384.371783,3.005141455680132,3.0353470146656036,4.008697509765625
attacker,1776750384.4117653,3.0054585956968367,3.035405967384577,4.008453369140625
attacker,1776750384.45177,3.0058969953097403,3.035329904407263,4.008209228515625
attacker,1776750384.4917512,3.0064636026509106,3.035153690725565,4.00799560546875
attacker,1776750384.5318017,3.0072204214520752,3.0349039249122143,4.007843017578125
attacker,1776750384.5717583,3.008105502463877,3.0345682948827744,4.007781982421875
attacker,1776750384.6117718,3.008841679431498,3.0343041978776455,4.007720947265625
attacker,1776750384.6530738,3.009759354405105,3.033935245126486,4.00762939453125
attacker,1776750384.6917372,3.010671661235392,3.0334590561687946,4.00750732421875
attacker,1776750384.73193,3.011258696205914,3.0331237763166428,4.0074462890625
attacker,1776750384.7717655,3.0122922882437706,3.0325228795409203,4.00738525390625
attacker,1776750384.8117406,3.0137926153838634,3.0316427871584892,4.007354736328125
attacker,1776750384.8517466,3.0148517983034253,3.030883079394698,4.007415771484375
attacker,1776750384.8918076,3.0154550448060036,3.0304103158414364,4.007476806640625
attacker,1776750384.9317615,3.0163869224488735,3.0295782908797264,4.00762939453125
attacker,1776750384.9717581,3.0171977542340755,3.0287541784346104,4.0076904296875
attacker,1776750385.0117967,3.01787868514657,3.0280405040830374,4.0076904296875
attacker,1776750385.0517702,3.018472308292985,3.0274170264601707,4.00762939453125
attacker,1776750385.0917664,3.0189894288778305,3.026839129626751,4.007476806640625
attacker,1776750385.1332607,3.019412538036704,3.0263636354357004,4.007293701171875
attacker,1776750385.171775,3.019685983657837,3.0260252095758915,4.007049560546875
attacker,1776750385.2116964,3.019829012453556,3.0258177425712347,4.006805419921875
attacker,1776750385.2527592,3.0199410188943148,3.025631245225668,4.006378173828125
attacker,1776750385.2917604,3.01997859403491,3.0255307778716087,4.006072998046875
attacker,1776750385.331762,3.019896211102605,3.025441663339734,4.005615234375
attacker,1776750385.3729374,3.0197386238723993,3.0253753270953894,4.005126953125
attacker,1776750385.4116974,3.019364448264241,3.025433499366045,4.004486083984375
attacker,1776750385.4517062,3.018955124542117,3.0256237834692,4.0040283203125
attacker,1776750385.491787,3.01857840269804,3.0258482359349728,4.003662109375
attacker,1776750385.5317457,3.0180746410042048,3.0262113083153963,4.0032958984375
attacker,1776750385.5722404,3.0174773801118135,3.0266987811774015,4.00286865234375
attacker,1776750385.6128044,3.0171449910849333,3.0271008294075727,4.002532958984375
attacker,1776750385.651775,3.0168182849884033,3.0278099104762077,4.002044677734375
attacker,1776750385.691719,3.016679920256138,3.0283052660524845,4.001739501953125
attacker,1776750385.731936,3.016611024737358,3.028678486123681,4.001495361328125
attacker,1776750385.7717535,3.0166340339928865,3.0295945703983307,4.000946044921875
attacker,1776750385.8117313,3.0167355742305517,3.029996193945408,4.000701904296875
attacker,1776750385.8517427,3.01682123914361,3.030258519575,4.00054931640625
attacker,1776750385.8917012,3.016955966129899,3.0306351631879807,4.00030517578125
attacker,1776750385.9317958,3.0171177964657545,3.03099250420928,4.000091552734375
attacker,1776750385.9720845,3.017379205673933,3.0312484223395586,3.999847412109375
attacker,1776750386.0117652,3.0176998265087605,3.031343623995781,3.999603271484375
attacker,1776750386.0517774,3.0179557502269745,3.031237943097949,3.999420166015625
attacker,1776750386.0925117,3.0181302540004253,3.030974756926298,3.999237060546875
attacker,1776750386.131764,3.018306588754058,3.03067135065794,3.9990234375
attacker,1776750386.1717396,3.01847324334085,3.030386745929718,3.9989013671875
attacker,1776750386.2118633,3.0186545066535473,3.0301266219466925,3.9989013671875
attacker,1776750386.2517612,3.018850451335311,3.0298906564712524,3.998931884765625
attacker,1776750386.291751,3.0190903171896935,3.0296629443764687,3.9990234375
attacker,1776750386.333686,3.0193578265607357,3.0294328201562166,3.999114990234375
attacker,1776750386.3717892,3.0196860153228045,3.0292140878736973,3.999267578125
attacker,1776750386.4117525,3.0201230458915234,3.0290036499500275,3.99945068359375
attacker,1776750386.4525027,3.0206697434186935,3.028834505006671,3.999725341796875
attacker,1776750386.4917502,3.021325660869479,3.0288669392466545,4.000091552734375
attacker,1776750386.5317657,3.022042144089937,3.0290288124233484,4.00048828125
attacker,1776750386.5724208,3.022854393348098,3.0292821880429983,4.0009765625
attacker,1776750386.6126723,3.02375940233469,3.029578013345599,4.00152587890625
attacker,1776750386.6517365,3.02469445951283,3.029897354543209,4.00213623046875
attacker,1776750386.6929047,3.025059012696147,3.0299903862178326,4.00244140625
attacker,1776750386.731804,3.026519790291786,3.0302314423024654,4.0037841796875
attacker,1776750386.7717595,3.0270418133586645,3.0302559789270163,4.004364013671875
attacker,1776750386.8127449,3.0278947073966265,3.0302117969840765,4.005401611328125
attacker,1776750386.8517249,3.028584139421582,3.0301392804831266,4.0062255859375
attacker,1776750386.8917603,3.029695760458708,3.0300189293920994,4.00750732421875
attacker,1776750386.9319098,3.0307191871106625,3.0299514327198267,4.00860595703125
attacker,1776750386.971738,3.031573500484228,3.0299385488033295,4.00958251953125
attacker,1776750387.0117846,3.0329124182462692,3.0299844034016132,4.01116943359375
attacker,1776750387.0517676,3.0340766720473766,3.0300380028784275,4.012603759765625
attacker,1776750387.0917726,3.035020422190428,3.0300912894308567,4.01385498046875
attacker,1776750387.1317346,3.0364022329449654,3.0301615092903376,4.015625
attacker,1776750387.17175,3.03747982904315,3.030219867825508,4.016998291015625
attacker,1776750387.2117488,3.038439556956291,3.0302591547369957,4.018341064453125
attacker,1776750387.2517855,3.0392589271068573,3.0302438978105783,4.01959228515625
attacker,1776750387.291788,3.039801076054573,3.030225284397602,4.020538330078125
attacker,1776750387.331726,3.0404882431030273,3.030196264386177,4.021942138671875
attacker,1776750387.3717682,3.0409543439745903,3.0301210526376963,4.02313232421875
attacker,1776750387.4117827,3.0412842631340027,3.0300366692245007,4.024078369140625
attacker,1776750387.4517546,3.0416612289845943,3.0299245174974203,4.025238037109375
attacker,1776750387.491718,3.041873771697283,3.0298904348164797,4.025909423828125
attacker,1776750387.5318294,3.0422082990407944,3.029905140399933,4.02716064453125
attacker,1776750387.5717409,3.0425409264862537,3.0299826711416245,4.028533935546875
attacker,1776750387.6117604,3.042856488376856,3.0301326867192984,4.02996826171875
attacker,1776750387.651762,3.0431377924978733,3.0302965696901083,4.031463623046875
attacker,1776750387.6917543,3.0434034541249275,3.0304263811558485,4.03277587890625
attacker,1776750387.73177,3.043664451688528,3.030539847910404,4.03399658203125
attacker,1776750387.771778,3.0439362600445747,3.0306598395109177,4.035064697265625
attacker,1776750387.8128562,3.044157400727272,3.030807390809059,4.035919189453125
attacker,1776750387.851806,3.0442719645798206,3.030986413359642,4.03656005859375
attacker,1776750387.8917544,3.0443250462412834,3.0312078427523375,4.037017822265625
attacker,1776750387.9335706,3.044372547417879,3.0314751490950584,4.037322998046875
attacker,1776750387.9717643,3.044435080140829,3.0317922569811344,4.03759765625
attacker,1776750388.0117064,3.044488772749901,3.0321768559515476,4.037841796875
attacker,1776750388.0517566,3.0445241443812847,3.0325559079647064,4.0380859375
attacker,1776750388.0918021,3.0445348657667637,3.032937988638878,4.038330078125
attacker,1776750388.1317403,3.0444692000746727,3.033277105540037,4.03851318359375
attacker,1776750388.171715,3.044334042817354,3.033511843532324,4.0386962890625
attacker,1776750388.2117884,3.0442647598683834,3.0335605703294277,4.038787841796875
attacker,1776750388.2517946,3.0441198013722897,3.0336114168167114,4.0389404296875
attacker,1776750388.2917314,3.044035069644451,3.033536609262228,4.0390625
attacker,1776750388.3317869,3.0440331622958183,3.033406686037779,4.039031982421875
attacker,1776750388.3717563,3.044113766402006,3.0332305058836937,4.038909912109375
attacker,1776750388.4117687,3.044243846088648,3.0331400148570538,4.0386962890625
attacker,1776750388.451742,3.044380906969309,3.033073168247938,4.0384521484375
attacker,1776750388.4917884,3.0446737073361874,3.032986134290695,4.0380859375
attacker,1776750388.5332685,3.045024037361145,3.033002484589815,4.037750244140625
attacker,1776750388.5717783,3.045398585498333,3.033095855265856,4.03741455078125
attacker,1776750388.6117578,3.04568699747324,3.033201489597559,4.037109375
attacker,1776750388.6522145,3.0461402870714664,3.033313676714897,4.036590576171875
attacker,1776750388.6917217,3.0465296618640423,3.0332703590393066,4.0361328125
attacker,1776750388.7317104,3.0466928146779537,3.0332259945571423,4.03594970703125
attacker,1776750388.7725112,3.047077625989914,3.0331100411713123,4.03546142578125
attacker,1776750388.8117452,3.0474089607596397,3.0329351499676704,4.03485107421875
attacker,1776750388.8517551,3.0476249903440475,3.032646667212248,4.034149169921875
attacker,1776750388.8927538,3.0477344691753387,3.0322637781500816,4.033416748046875
attacker,1776750388.9317803,3.0477779172360897,3.031841605901718,4.03265380859375
attacker,1776750388.9717546,3.04777380079031,3.031369924545288,4.031890869140625
attacker,1776750389.0117755,3.0476512387394905,3.030735505744815,4.0311279296875
attacker,1776750389.0517752,3.047419738024473,3.029964189976454,4.030364990234375
attacker,1776750389.0926769,3.0471316017210484,3.0291160158813,4.0296630859375
attacker,1776750389.1317594,3.046784106642008,3.028155030682683,4.028900146484375
attacker,1776750389.171784,3.0463953241705894,3.0271113719791174,4.02813720703125
attacker,1776750389.211914,3.0459743440151215,3.026064369827509,4.02740478515625
attacker,1776750389.2517128,3.0455383732914925,3.025041900575161,4.0267333984375
attacker,1776750389.2918296,3.045047041028738,3.0240546353161335,4.02606201171875
attacker,1776750389.3324668,3.0444906540215015,3.0231804698705673,4.02532958984375
attacker,1776750389.3717325,3.0439430475234985,3.022345220670104,4.0245361328125
attacker,1776750389.4117832,3.0433709137141705,3.0214984323829412,4.023712158203125
attacker,1776750389.4532685,3.0428125895559788,3.020681781694293,4.0228271484375
attacker,1776750389.4917514,3.0422495491802692,3.0199280474334955,4.02191162109375
attacker,1776750389.531762,3.041698597371578,3.019220443442464,4.0208740234375
attacker,1776750389.5724964,3.041137032210827,3.018554922193289,4.019805908203125
attacker,1776750389.611765,3.040602695196867,3.0179169848561287,4.018768310546875
attacker,1776750389.6517062,3.0400447249412537,3.017333021387458,4.01763916015625
attacker,1776750389.6920187,3.039539460092783,3.016806673258543,4.016448974609375
attacker,1776750389.731793,3.039153754711151,3.0163296442478895,4.01513671875
attacker,1776750389.7717195,3.0388327725231647,3.015915060415864,4.0137939453125
attacker,1776750389.8126934,3.0387237556278706,3.015758628025651,4.013275146484375
attacker,1776750389.8517573,3.0384831950068474,3.015354755334556,4.011749267578125
attacker,1776750389.8917398,3.0383460372686386,3.0150442691519856,4.010528564453125
attacker,1776750389.9317455,3.038258783519268,3.014735925011337,4.009307861328125
attacker,1776750389.9718091,3.038276869803667,3.014427237212658,4.008056640625
attacker,1776750390.0117211,3.0383072160184383,3.0142219848930836,4.007080078125
attacker,1776750390.0520213,3.038416553288698,3.013998336158693,4.005584716796875
attacker,1776750390.0917711,3.038570076227188,3.0138705214485526,4.0042724609375
attacker,1776750390.131717,3.038692094385624,3.0138378823176026,4.003143310546875
attacker,1776750390.1717308,3.038888458162546,3.0138993402943015,4.00140380859375
attacker,1776750390.2117138,3.0390226989984512,3.0140824681147933,3.999847412109375
attacker,1776750390.2529764,3.039082955569029,3.0144328074529767,3.998291015625
attacker,1776750390.2917733,3.039103116840124,3.014843254350126,3.99676513671875
attacker,1776750390.3317602,3.0391443260014057,3.015207903459668,3.995269775390625
attacker,1776750390.3720837,3.0391380041837692,3.01547309756279,3.994110107421875
attacker,1776750390.4117436,3.038941014558077,3.0158372912555933,3.99237060546875
attacker,1776750390.4518006,3.03873310983181,3.0160215757787228,3.991241455078125
attacker,1776750390.4917264,3.0385174937546253,3.016098717227578,3.990478515625
attacker,1776750390.5319633,3.0381417311728,3.016123967245221,3.98931884765625
attacker,1776750390.5717664,3.0374954529106617,3.015943257138133,3.988006591796875
attacker,1776750390.6116874,3.03715930134058,3.0157941356301308,3.987548828125
attacker,1776750390.6517777,3.0365488305687904,3.0154336960986257,3.986907958984375
attacker,1776750390.6917613,3.035921350121498,3.014922375790775,3.98651123046875
attacker,1776750390.7318516,3.035319857299328,3.0143542122095823,3.98626708984375
attacker,1776750390.7717478,3.0346169248223305,3.0137182911857963,3.986175537109375
attacker,1776750390.811766,3.033854641020298,3.0131353000178933,3.98614501953125
attacker,1776750390.8530414,3.0330657698214054,3.0126193072646856,3.9862060546875
attacker,1776750391.1717613,3.0270295571535826,3.01261199824512,3.988311767578125
attacker,1776750391.2124445,3.026378996670246,3.01305921562016,3.98858642578125
attacker,1776750391.2517767,3.025792656466365,3.0135300774127245,3.98883056640625
attacker,1776750391.2917657,3.025281323119998,3.0140206599608064,3.989105224609375
attacker,1776750391.3317327,3.024809181690216,3.0145666748285294,3.989471435546875
attacker,1776750391.3717697,3.0243870690464973,3.015180972404778,3.9898681640625
attacker,1776750391.4117527,3.0240177512168884,3.0158376209437847,3.99029541015625
attacker,1776750391.451734,3.0236854385584593,3.0164739545434713,3.990692138671875
attacker,1776750391.491813,3.0234188102185726,3.0170981474220753,3.990997314453125
attacker,1776750391.5317776,3.023261299356818,3.017765676602721,3.991363525390625
attacker,1776750391.5717854,3.0232045389711857,3.018302295356989,3.991668701171875
attacker,1776750391.6117618,3.023169379681349,3.019089460372925,3.99212646484375
attacker,1776750391.6517744,3.023172715678811,3.019576020538807,3.992431640625
attacker,1776750391.6916962,3.0231811609119177,3.0200870521366596,3.99285888671875
attacker,1776750391.7317593,3.0231759939342737,3.0204701516777277,3.993316650390625
attacker,1776750391.771875,3.023179553449154,3.0208468083292246,3.99383544921875
attacker,1776750391.8117218,3.0231325458735228,3.021245887503028,3.994384765625
attacker,1776750391.8517632,3.0230956710875034,3.021404679864645,3.994598388671875
attacker,1776750391.8934858,3.022960741072893,3.0218030493706465,3.99505615234375
attacker,1776750391.9317703,3.0228296034038067,3.022176429629326,3.995513916015625
attacker,1776750391.971721,3.0225807279348373,3.0226333010941744,3.995941162109375
attacker,1776750392.0125427,3.0221849866211414,3.023082885891199,3.9962158203125
attacker,1776750392.051759,3.0217130817472935,3.023568294942379,3.996429443359375
attacker,1776750392.0917594,3.021296162158251,3.0239276587963104,3.99658203125
attacker,1776750392.131732,3.020704934373498,3.024336786940694,3.996795654296875
attacker,1776750392.1717846,3.020315056666732,3.024739945307374,3.9971923828125
attacker,1776750392.2118113,3.0206042136996984,3.025109162554145,3.997711181640625
attacker,1776750392.2517717,3.0212762486189604,3.025419859215617,3.998321533203125
attacker,1776750392.2917786,3.022650921717286,3.0259156338870525,3.9993896484375
attacker,1776750392.3317616,3.025009710341692,3.026669481769204,4.001007080078125
attacker,1776750392.3720756,3.0270485151559114,3.0273143351078033,4.002288818359375
attacker,1776750392.4117596,3.030913546681404,3.0284944772720337,4.004180908203125
attacker,1776750392.4517941,3.0340403206646442,3.029305625706911,4.00567626953125
attacker,1776750392.4917421,3.0387384444475174,3.030415765941143,4.007843017578125
attacker,1776750392.5317092,3.04589169472456,3.031734213232994,4.01068115234375
attacker,1776750392.5717428,3.0535658448934555,3.032507475465536,4.0135498046875
attacker,1776750392.611758,3.0631781443953514,3.0327394753694534,4.01666259765625
attacker,1776750392.6517565,3.0724922344088554,3.0324919372797012,4.019195556640625
attacker,1776750392.6917636,3.0867063775658607,3.0316668525338173,4.0225830078125
attacker,1776750392.7317784,3.1083132922649384,3.030218740925193,4.02630615234375
attacker,1776750392.7717638,3.131376028060913,3.02889764867723,4.028717041015625
attacker,1776750392.8117664,3.1598251312971115,3.027770446613431,4.03057861328125
attacker,1776750392.8527534,3.1870028376579285,3.0273102317005396,4.031829833984375
attacker,1776750392.8918326,3.235512614250183,3.028019430115819,4.033782958984375
attacker,1776750392.9317963,3.283569097518921,3.0306711941957474,4.03607177734375
attacker,1776750392.973783,3.337984412908554,3.0357119143009186,4.0394287109375
attacker,1776750393.0117838,3.3860009908676147,3.04190506413579,4.043243408203125
attacker,1776750393.0517797,3.4651221930980682,3.0554935298860073,4.051666259765625
attacker,1776750393.091738,3.536706566810608,3.0710820704698563,4.06170654296875
attacker,1776750393.131758,3.597262442111969,3.0866344794631004,4.072418212890625
attacker,1776750393.171716,3.6928769946098328,3.1154076382517815,4.095611572265625
attacker,1776750393.2117229,3.7593108415603638,3.1381515711545944,4.117095947265625
attacker,1776750393.25191,3.861755669116974,3.1770059466362,4.157928466796875
attacker,1776750393.2916794,3.948935091495514,3.2130155116319656,4.1990966796875
attacker,1776750393.3317592,3.984184980392456,3.228178933262825,4.21734619140625
attacker,1776750393.3717778,4.072725415229797,3.2674590349197388,4.266021728515625
attacker,1776750393.412562,4.161732316017151,3.3080735206604004,4.318817138671875
attacker,1776750393.4517355,4.251060128211975,3.3492322862148285,4.37481689453125
attacker,1776750393.491778,4.340708494186401,3.3902343809604645,4.4327392578125
attacker,1776750393.5316978,4.430632591247559,3.4305153489112854,4.49169921875
attacker,1776750393.571723,4.520770192146301,3.4695292711257935,4.55126953125
attacker,1776750393.6117666,4.61115038394928,3.5070621967315674,4.611175537109375
attacker,1776750393.6526093,4.701677203178406,3.5427152514457703,4.671356201171875
attacker,1776750393.6917646,4.792308926582336,3.5764604806900024,4.731842041015625
attacker,1776750393.7317584,4.882906198501587,3.6080362796783447,4.79296875
attacker,1776750393.773071,4.973313212394714,3.637604057788849,4.854949951171875
attacker,1776750393.8117623,5.063431024551392,3.6651617884635925,4.917694091796875
attacker,1776750393.8517697,5.152927875518799,3.69068443775177,4.981048583984375
attacker,1776750393.892908,5.241712808609009,3.7143649458885193,5.044647216796875
attacker,1776750393.9317753,5.329545736312866,3.7361620664596558,5.10821533203125
attacker,1776750393.9717696,5.416144132614136,3.7562798857688904,5.1715087890625
attacker,1776750394.0117588,5.501190423965454,3.7746899724006653,5.234375
attacker,1776750394.0517642,5.584891319274902,3.7917693853378296,5.2967529296875
attacker,1776750394.0917835,5.667067527770996,3.807580053806305,5.358673095703125
attacker,1776750394.1317556,5.747670888900757,3.8222211599349976,5.420257568359375
attacker,1776750394.1717758,5.826666831970215,3.8358593583106995,5.481536865234375
attacker,1776750394.2117865,5.903972148895264,3.8484334349632263,5.542633056640625
attacker,1776750394.2518983,5.979742050170898,3.860063672065735,5.603759765625
attacker,1776750394.2918096,6.0245232582092285,3.8666170239448547,5.6405029296875
attacker,1776750394.3317564,6.098135709762573,3.877005457878113,5.70184326171875
attacker,1776750394.3718073,6.15619683265686,3.8848072290420532,5.75103759765625
attacker,1776750394.411702,6.227800130844116,3.8940005898475647,5.812774658203125
attacker,1776750394.4517717,6.298518180847168,3.902665376663208,5.8748779296875
attacker,1776750394.4921844,6.368572473526001,3.9107826352119446,5.9373779296875
attacker,1776750394.5317721,6.45188045501709,3.919784903526306,6.013031005859375
attacker,1776750394.5717409,6.507072925567627,3.92544162273407,6.0638427734375
attacker,1776750394.6117082,6.589460611343384,3.933525025844574,6.140625
attacker,1776750394.6517441,6.657825231552124,3.9398463368415833,6.205047607421875
attacker,1776750394.6917648,6.726044416427612,3.945838510990143,6.269775390625
attacker,1776750394.7317746,6.780669927597046,3.950416922569275,6.321746826171875
attacker,1776750394.7717698,6.849167585372925,3.9557865262031555,6.386993408203125
attacker,1776750394.8117614,6.9179534912109375,3.9607998728752136,6.452484130859375
attacker,1776750394.8518066,7.000995635986328,3.966279447078705,6.53143310546875
attacker,1776750394.8917775,7.0707783699035645,3.970311164855957,6.5975341796875
attacker,1776750394.9318168,7.127093315124512,3.9731913208961487,6.650604248046875
attacker,1776750394.9717076,7.198186874389648,3.976387083530426,6.717041015625
attacker,1776750395.0117333,7.2844390869140625,3.979607105255127,6.797027587890625
attacker,1776750395.051759,7.342443943023682,3.981376588344574,6.8504638671875
attacker,1776750395.0917792,7.415490627288818,3.9832080602645874,6.91741943359375
attacker,1776750395.131705,7.4891357421875,3.984650135040283,6.984619140625
attacker,1776750395.1717467,7.5633955001831055,3.985712707042694,7.052032470703125
attacker,1776750395.211901,7.608260631561279,3.9861982464790344,7.092620849609375
attacker,1776750395.2525327,7.683597087860107,3.9867694973945618,7.160430908203125
attacker,1776750395.2927363,7.759600639343262,3.987117648124695,7.22857666015625
attacker,1776750395.3317368,7.836212635040283,3.9872503876686096,7.2969970703125
attacker,1776750395.3717518,7.913472652435303,3.9872251749038696,7.365753173828125
attacker,1776750395.411759,7.991361618041992,3.987059473991394,7.43487548828125
attacker,1776750395.4517925,8.069886684417725,3.9868293404579163,7.504302978515625
attacker,1776750395.491759,8.148996829986572,3.98647540807724,7.574005126953125
attacker,1776750395.5327601,8.228628158569336,3.9859126210212708,7.64398193359375
attacker,1776750395.571762,8.308795928955078,3.9851202964782715,7.714202880859375
attacker,1776750395.6117532,8.389434814453125,3.984172284603119,7.78466796875
attacker,1776750395.652018,8.470467567443848,3.983162045478821,7.855377197265625
attacker,1776750395.69175,8.551885604858398,3.9821094274520874,7.926361083984375
attacker,1776750396.2717462,8.633734703063965,3.981025218963623,7.997528076171875
attacker,1776750396.3127801,8.715929985046387,3.9798970818519592,8.06890869140625
attacker,1776750396.3518615,8.798414707183838,3.9786877036094666,8.140472412109375
attacker,1776750396.9669456,8.881120204925537,3.977421283721924,8.21221923828125
attacker,1776750396.9920077,8.930816173553467,3.9766488671302795,8.255401611328125
attacker,1776750397.0317552,8.997122764587402,3.97558730840683,8.313140869140625
attacker,1776750397.0717194,9.080015659332275,3.9742011427879333,8.385528564453125
attacker,1776750397.11181,9.179537296295166,3.9725173115730286,8.47271728515625
attacker,1776750397.1517482,9.26262092590332,3.9710901379585266,8.54559326171875
attacker,1776750397.1917107,9.329165935516357,3.969874918460846,8.60400390625
attacker,1776750397.2320507,9.429099082946777,3.9679563641548157,8.691741943359375
attacker,1776750397.2717907,9.495786666870117,3.966688394546509,8.750335693359375
attacker,1776750397.3117158,9.595904350280762,3.9648266434669495,8.83831787109375
attacker,1776750397.3517435,9.67936372756958,3.9634442925453186,8.911651611328125
attacker,1776750397.39174,9.746171951293945,3.9623884558677673,8.970367431640625
attacker,1776750397.4317195,9.829784393310547,3.9610410928726196,9.043853759765625
attacker,1776750397.4717143,9.930212020874023,3.959397256374359,9.1322021484375
attacker,1776750397.5117607,9.997161388397217,3.9582716822624207,9.191192626953125
attacker,1776750397.5517197,10.047352313995361,3.957404911518097,9.2354736328125
attacker,1776750397.592166,10.130927085876465,3.955972731113434,9.3092041015625
attacker,1776750397.631711,10.214345932006836,3.954574942588806,9.3824462890625
attacker,1776750397.671759,10.297598838806152,3.9532501697540283,9.454620361328125
attacker,1776750397.7117584,10.380722999572754,3.95194411277771,9.52520751953125
attacker,1776750397.7517142,10.463622570037842,3.950575113296509,9.5938720703125
attacker,1776750397.7917545,10.546356201171875,3.949103593826294,9.6605224609375
attacker,1776750397.8323345,10.629021167755127,3.9475287199020386,9.724884033203125
attacker,1776750397.871715,10.711577415466309,3.945857882499695,9.787017822265625
attacker,1776750397.9117754,10.794055938720703,3.9440754652023315,9.846710205078125
attacker,1776750397.953428,10.876452922821045,3.942242920398712,9.903961181640625
attacker,1776750397.991767,10.958720207214355,3.9403762221336365,9.958770751953125
attacker,1776750398.031755,11.040847778320312,3.9384689331054688,10.0108642578125
attacker,1776750398.0716808,11.122825622558594,3.9364630579948425,10.0604248046875
attacker,1776750398.1117325,11.204633712768555,3.9342994689941406,10.107421875
attacker,1776750398.1517422,11.286271095275879,3.931981146335602,10.152069091796875
attacker,1776750398.1936648,11.36778736114502,3.929447829723358,10.194305419921875
attacker,1776750398.231719,11.449112892150879,3.9266796708106995,10.234130859375
attacker,1776750398.2717307,11.530290603637695,3.923698663711548,10.271697998046875
attacker,1776750398.3141174,11.611340522766113,3.92051762342453,10.3070068359375
attacker,1776750398.3516827,11.692310333251953,3.9171447157859802,10.33990478515625
attacker,1776750398.391735,11.740860939025879,3.914989411830902,10.35845947265625
attacker,1776750398.4318209,11.805554389953613,3.9120588302612305,10.382049560546875
attacker,1776750398.4716969,11.902486801147461,3.9075228571891785,10.414703369140625
attacker,1776750398.5117428,11.983115196228027,3.9036864638328552,10.439239501953125
attacker,1776750398.5553176,12.047534942626953,3.900622844696045,10.457305908203125
attacker,1776750398.5917833,12.128030776977539,3.8967731595039368,10.477783203125
attacker,1776750398.633629,12.20849895477295,3.892933189868927,10.496124267578125
attacker,1776750398.6717238,12.304975509643555,3.888315200805664,10.515289306640625
attacker,1776750398.7117283,12.385295867919922,3.8843896985054016,10.5286865234375
attacker,1776750398.7522225,12.44950008392334,3.8812087178230286,10.53765869140625
attacker,1776750398.7918353,12.529624938964844,3.877226412296295,10.546600341796875
attacker,1776750398.83173,12.625662803649902,3.8724186420440674,10.553863525390625
attacker,1776750398.8727462,12.689617156982422,3.8692357540130615,10.5565185546875
attacker,1776750398.9117274,12.785500526428223,3.864545166492462,10.557281494140625
attacker,1776750398.9518209,12.865389823913574,3.860734760761261,10.555206298828125
attacker,1776750398.9920537,12.929265022277832,3.857754409313202,10.551727294921875
attacker,1776750399.0317442,13.025035858154297,3.8534141182899475,10.54364013671875
attacker,1776750399.0717416,13.104864120483398,3.8498886227607727,10.5341796875
attacker,1776750399.1117148,13.184762954711914,3.846404194831848,10.5224609375
attacker,1776750399.151723,13.248709678649902,3.843647301197052,10.511474609375
attacker,1776750399.1917207,13.328727722167969,3.8402411341667175,10.49566650390625
attacker,1776750399.2317421,13.424893379211426,3.83614444732666,10.4739990234375
attacker,1776750399.2717214,13.505212783813477,3.8327713012695312,10.45355224609375
attacker,1776750399.3117082,13.56959056854248,3.8300634622573853,10.43572998046875
attacker,1776750399.3519137,13.650202751159668,3.8266466856002808,10.411651611328125
attacker,1776750399.3918471,13.74709415435791,3.822478234767914,10.380157470703125
attacker,1776750399.4317627,13.828072547912598,3.818888008594513,10.351593017578125
attacker,1776750399.4717588,13.909186363220215,3.8152636289596558,10.3212890625
attacker,1776750399.5117176,13.974143028259277,3.812322735786438,10.296539306640625
attacker,1776750399.5517304,14.055221557617188,3.8085834980010986,10.265625
attacker,1776750399.591758,14.15143871307373,3.80413281917572,10.22906494140625
attacker,1776750399.6317995,14.229640007019043,3.8005490899086,10.199249267578125
attacker,1776750399.6717393,14.304940223693848,3.797057032585144,10.170196533203125
attacker,1776750399.7118318,14.334104537963867,3.795709729194641,10.15875244140625
attacker,1776750399.751854,14.404070854187012,3.7924431562423706,10.130706787109375
attacker,1776750399.7917213,14.469242095947266,3.7893170714378357,10.103546142578125
attacker,1776750399.8316884,14.529155731201172,3.786236345767975,10.0775146484375
attacker,1776750399.871714,14.583539962768555,3.7830780744552612,10.052764892578125
attacker,1776750399.911739,14.632346153259277,3.7799004912376404,10.0294189453125
attacker,1776750399.9518037,14.675386428833008,3.776615798473358,10.007568359375
attacker,1776750399.9917727,14.713052749633789,3.773271143436432,9.987335205078125
attacker,1776750400.031772,14.745795249938965,3.769934296607971,9.9688720703125
attacker,1776750400.071789,14.77377986907959,3.7664992809295654,9.952423095703125
attacker,1776750400.111752,14.797399520874023,3.762905478477478,9.93804931640625
attacker,1776750400.1517205,14.81680679321289,3.7590660452842712,9.925933837890625
attacker,1776750400.1917093,14.832552909851074,3.755115330219269,9.916046142578125
attacker,1776750400.2317448,14.845083236694336,3.751007914543152,9.908355712890625
attacker,1776750400.2717724,14.8547945022583,3.7466650009155273,9.90283203125
attacker,1776750400.311712,14.862188339233398,3.742135524749756,9.899261474609375
attacker,1776750400.3517144,14.867563247680664,3.7372164130210876,9.897674560546875
attacker,1776750400.3917131,14.871331214904785,3.7320209741592407,9.897796630859375
attacker,1776750400.4317622,14.873727798461914,3.7266133427619934,9.8995361328125
attacker,1776750400.4717314,14.875032424926758,3.7210368514060974,9.902618408203125
attacker,1776750400.511714,14.875449180603027,3.7152703404426575,9.90692138671875
attacker,1776750400.5518157,14.875203132629395,3.7094581723213196,9.912109375
attacker,1776750400.5917737,14.87451457977295,3.7035661339759827,9.917938232421875
attacker,1776750400.632742,14.873543739318848,3.6976245045661926,9.924285888671875
attacker,1776750400.6717346,14.873089790344238,3.69525945186615,9.926910400390625
attacker,1776750400.7116854,14.8715238571167,3.6882948875427246,9.9349365234375
attacker,1776750400.7527122,14.870044708251953,3.6827733516693115,9.941650390625
attacker,1776750400.7921166,14.868476867675781,3.6775288581848145,9.948211669921875
attacker,1776750400.8317227,14.866783142089844,3.6726993918418884,9.95458984375
attacker,1776750401.131732,14.855940818786621,3.6482067704200745,9.987762451171875
attacker,1776750401.1717694,14.854719161987305,3.6463072896003723,9.9901123046875
attacker,1776750401.2117324,14.853528022766113,3.644747495651245,9.991912841796875
attacker,1776750401.2517297,14.852270126342773,3.6435070037841797,9.993194580078125
attacker,1776750401.2917554,14.850948333740234,3.642480492591858,9.99395751953125
attacker,1776750401.3317907,14.85036849975586,3.642133116722107,9.994140625
attacker,1776750401.3725033,14.848437309265137,3.641232192516327,9.994232177734375
attacker,1776750401.411866,14.846707344055176,3.6406540870666504,9.99383544921875
attacker,1776750401.4517372,14.845213890075684,3.6403379440307617,9.99322509765625
attacker,1776750401.491761,14.843241691589355,3.6401177048683167,9.992218017578125
attacker,1776750401.531718,14.84076976776123,3.640224039554596,9.990692138671875
attacker,1776750401.5717106,14.839136123657227,3.640430986881256,9.989532470703125
attacker,1776750401.6120543,14.836788177490234,3.6409741044044495,9.987579345703125
attacker,1776750401.6517708,14.835179328918457,3.6415926814079285,9.9862060546875
attacker,1776750401.6917589,14.833219528198242,3.6426159739494324,9.9844970703125
attacker,1776750401.7324266,14.83092975616455,3.6441853642463684,9.9825439453125
attacker,1776750401.7717164,14.82917308807373,3.6457777619361877,9.981048583984375
attacker,1776750401.8117175,14.827425003051758,3.647666335105896,9.97967529296875
attacker,1776750401.85178,14.826016426086426,3.649421274662018,9.9786376953125
attacker,1776750401.8917174,14.824239730834961,3.65192312002182,9.977569580078125
attacker,1776750401.931722,14.82194709777832,3.655346930027008,9.97650146484375
attacker,1776750401.9733474,14.819915771484375,3.6586209535598755,9.975860595703125
attacker,1776750402.0117123,14.818251609802246,3.6614792346954346,9.9754638671875
attacker,1776750402.0517519,14.816137313842773,3.665315806865692,9.97515869140625
attacker,1776750402.0939488,14.81351089477539,3.6703277230262756,9.975006103515625
attacker,1776750402.131718,14.811447143554688,3.6747418642044067,9.97528076171875
attacker,1776750402.17174,14.809366226196289,3.6793388724327087,9.9757080078125
attacker,1776750402.2161996,14.807721138000488,3.6830946803092957,9.976165771484375
attacker,1776750402.2517388,14.805702209472656,3.6878631711006165,9.976898193359375
attacker,1776750402.2917423,14.804512977600098,3.690762519836426,9.977386474609375
attacker,1776750402.333948,14.80262279510498,3.695598840713501,9.97833251953125
attacker,1776750402.3717332,14.800785064697266,3.7004594802856445,9.9793701171875
attacker,1776750402.4117389,14.798981666564941,3.7053012251853943,9.980560302734375
attacker,1776750402.4530034,14.79714298248291,3.7101354598999023,9.981842041015625
attacker,1776750402.4917657,14.795231819152832,3.7149577140808105,9.98321533203125
attacker,1776750402.5317266,14.79322338104248,3.7198113203048706,9.984649658203125
attacker,1776750402.5723655,14.791154861450195,3.724654257297516,9.986083984375
attacker,1776750402.611762,14.788972854614258,3.7294549345970154,9.987548828125
attacker,1776750402.6517878,14.786722183227539,3.7342848777770996,9.98907470703125
attacker,1776750402.6921415,14.784460067749023,3.7391318678855896,9.990570068359375
attacker,1776750402.7317758,14.782169342041016,3.74400532245636,9.992034912109375
attacker,1776750402.771748,14.779929161071777,3.7488728761672974,9.993408203125
attacker,1776750402.8124287,14.777670860290527,3.753734290599823,9.994659423828125
attacker,1776750402.8517613,14.775382041931152,3.758509635925293,9.995758056640625
attacker,1776750402.8917665,14.772985458374023,3.763247847557068,9.99664306640625
attacker,1776750402.9327552,14.771980285644531,3.76514995098114,9.9969482421875
attacker,1776750402.9717655,14.76768684387207,3.7727555632591248,9.99798583984375
attacker,1776750403.0117207,14.764806747436523,3.777529299259186,9.998443603515625
attacker,1776750403.0517695,14.763656616210938,3.779434859752655,9.99859619140625
attacker,1776750403.091816,14.758944511413574,3.787196934223175,9.9991455078125
attacker,1776750403.131767,14.75588321685791,3.7921305298805237,9.999420166015625
attacker,1776750403.172019,14.753997802734375,3.7951152324676514,9.99957275390625
attacker,1776750403.211733,14.751444816589355,3.7991011142730713,9.999725341796875
attacker,1776750403.2529626,14.74636459350586,3.807031989097595,9.99981689453125
attacker,1776750403.2917295,14.744507789611816,3.809941351413727,9.999847412109375
attacker,1776750403.3317666,14.741525650024414,3.8147403597831726,9.99981689453125
attacker,1776750403.3719814,14.738539695739746,3.8195302486419678,9.999755859375
attacker,1776750403.411725,14.73611831665039,3.8233516812324524,9.999664306640625
attacker,1776750403.4519722,14.732413291931152,3.828993558883667,9.999481201171875
attacker,1776750403.492362,14.729290008544922,3.833589017391205,9.999298095703125
attacker,1776750403.531713,14.72609806060791,3.838081121444702,9.99908447265625
attacker,1776750403.5717552,14.723511695861816,3.8415863513946533,9.9989013671875
attacker,1776750403.61198,14.720273971557617,3.8458341360092163,9.998748779296875
attacker,1776750403.6517181,14.716391563415527,3.8507866859436035,9.998626708984375
attacker,1776750403.6917694,14.713801383972168,3.8540456295013428,9.99859619140625
attacker,1776750403.7330933,14.709891319274902,3.8587881922721863,9.998687744140625
attacker,1776750403.7717388,14.70660400390625,3.8626405596733093,9.998870849609375
attacker,1776750403.8117385,14.703920364379883,3.865673005580902,9.9990234375
attacker,1776750403.853097,14.699728965759277,3.8700972199440002,9.999359130859375
attacker,1776750403.8917282,14.696137428283691,3.873626708984375,9.99969482421875
attacker,1776750403.93175,14.693233489990234,3.8763023614883423,10.00006103515625
attacker,1776750403.9718986,14.689628601074219,3.8794921040534973,10.000518798828125
attacker,1776750404.011737,14.687479019165039,3.881355047225952,10.00079345703125
attacker,1776750404.0517216,14.683932304382324,3.884402275085449,10.00128173828125
attacker,1776750404.092183,14.680359840393066,3.8873825669288635,10.001708984375
attacker,1776750404.131762,14.6766939163208,3.8903507590293884,10.00201416015625
attacker,1776750404.1717482,14.672988891601562,3.893339991569519,10.00213623046875
attacker,1776750404.2127938,14.669316291809082,3.8963693976402283,10.002044677734375
attacker,1776750404.251711,14.66567611694336,3.8994056582450867,10.00177001953125
attacker,1776750404.291727,14.662019729614258,3.902418315410614,10.00140380859375
attacker,1776750404.3328621,14.65833568572998,3.9054357409477234,10.000946044921875
attacker,1776750404.3717942,14.654688835144043,3.9084779024124146,10.000457763671875
attacker,1776750404.411773,14.651174545288086,3.9116430282592773,9.99993896484375
attacker,1776750404.4527943,14.647747039794922,3.9149107336997986,9.999359130859375
attacker,1776750404.4917789,14.644369125366211,3.918234884738922,9.998809814453125
attacker,1776750404.5317342,14.6410493850708,3.921624183654785,9.998199462890625
attacker,1776750404.5717695,14.637811660766602,3.925076186656952,9.997589111328125
attacker,1776750404.6117518,14.634634971618652,3.9284995198249817,9.9969482421875
attacker,1776750404.6517475,14.632753372192383,3.9305149912834167,9.99658203125
attacker,1776750404.691859,14.629769325256348,3.9338473081588745,9.996002197265625
attacker,1776750404.7317533,14.627449035644531,3.936432898044586,9.99560546875
attacker,1776750404.7717166,14.624116897583008,3.9402090907096863,9.995147705078125
attacker,1776750404.811763,14.621960639953613,3.9426496028900146,9.994903564453125
attacker,1776750404.8518312,14.618813514709473,3.946183919906616,9.99456787109375
attacker,1776750404.8917446,14.616243362426758,3.949014902114868,9.994384765625
attacker,1776750404.9317112,14.61417007446289,3.951248526573181,9.9942626953125
attacker,1776750404.971765,14.611559867858887,3.95401531457901,9.994110107421875
attacker,1776750405.0117698,14.608406066894531,3.95735365152359,9.99395751953125
attacker,1776750405.052386,14.606233596801758,3.959577798843384,9.993927001953125
attacker,1776750405.0917718,14.60277271270752,3.96294504404068,9.99407958984375
attacker,1776750405.1317236,14.600373268127441,3.96513694524765,9.994293212890625
attacker,1776750405.171807,14.597301483154297,3.9677632451057434,9.994537353515625
attacker,1776750405.211757,14.59542179107666,3.969276487827301,9.994720458984375
attacker,1776750405.2518482,14.592277526855469,3.9717264771461487,9.995086669921875
attacker,1776750405.291728,14.587974548339844,3.9749722480773926,9.995758056640625
attacker,1776750405.331732,14.585052490234375,3.9770883917808533,9.996307373046875
attacker,1776750405.3717194,14.583366394042969,3.9782665967941284,9.99664306640625
attacker,1776750405.4130144,14.580719947814941,3.980055868625641,9.99725341796875
attacker,1776750405.4517536,14.578219413757324,3.9817252159118652,9.99786376953125
attacker,1776750405.4917378,14.575865745544434,3.983282506465912,9.99847412109375
attacker,1776750405.532784,14.573525428771973,3.984766721725464,9.99908447265625
attacker,1776750405.5717216,14.571236610412598,3.9862828254699707,9.999664306640625
attacker,1776750405.6117175,14.56894588470459,3.987678050994873,10.000213623046875
attacker,1776750405.6523774,14.566651344299316,3.9889438152313232,10.00067138671875
attacker,1776750405.691813,14.564364433288574,3.9901078939437866,10.0010986328125
attacker,1776750405.731712,14.562088012695312,3.9911860823631287,10.00152587890625
attacker,1776750405.7717373,14.559921264648438,3.9921147227287292,10.0020751953125
attacker,1776750405.8117397,14.557793617248535,3.992877244949341,10.002593994140625
attacker,1776750405.851718,14.555657386779785,3.9935461282730103,10.00299072265625
attacker,1776750405.892547,14.553497314453125,3.99413001537323,10.0032958984375
attacker,1776750405.931746,14.552627563476562,3.994344711303711,10.00341796875
attacker,1776750405.9718091,14.550450325012207,3.9948225617408752,10.003570556640625
attacker,1776750406.0117486,14.547806739807129,3.9952971935272217,10.003631591796875
attacker,1776750406.0517278,14.545560836791992,3.9955617785453796,10.0035400390625
attacker,1776750406.0917172,14.543256759643555,3.9957545399665833,10.00335693359375
attacker,1776750406.131715,14.541350364685059,3.9958654642105103,10.003143310546875
attacker,1776750406.1717358,14.538357734680176,3.9959213733673096,10.002716064453125
attacker,1776750406.2117596,14.535737037658691,3.9959245920181274,10.00225830078125
attacker,1776750406.2532763,14.533080101013184,3.9959548115730286,10.00177001953125
attacker,1776750406.2916982,14.530396461486816,3.9961017370224,10.001190185546875
attacker,1776750406.3317485,14.528202056884766,3.996310830116272,10.000640869140625
attacker,1776750406.3717163,14.524884223937988,3.9967066645622253,9.999786376953125
attacker,1776750406.4117682,14.522652626037598,3.997010588645935,9.999114990234375
attacker,1776750406.4517672,14.519790649414062,3.997401237487793,9.99822998046875
